Question,Answer,Tags,Type
我国境内已确认的最早古人类是？,元谋人，距今约170万年。,"早期人类, 元谋人",Standard
元谋人遗址中发现了哪些重要遗存？,两颗门齿化石、粗糙石器、炭屑和烧骨。,"元谋人, 考古发现",Standard
化石是如何形成的？,古代生物的遗骸或遗迹埋藏在地层中，经过漫长的时间，被周围沉积物的矿物质渗入，石化变成石头。,"化石, 考古学",Standard
北京人生活在距今多少年？,约70万—20万年前。,"北京人, 年代",Standard
北京人遗址最早于哪一年被发现？,1921年。,"北京人, 考古发现",Standard
谁发现了第一个北京人头盖骨化石？,中国青年学者裴文中，于1929年发现。,"北京人, 裴文中",Standard
北京人的头部特征有哪些？,前额低平，眉骨粗大，颧骨突出，鼻骨扁平，嘴部前伸，脑容量比现代人小。,"北京人, 体质特征",Standard
北京人制作石器的技术属于什么时代？,旧石器时代。,"北京人, 石器时代",Standard
北京人已经掌握了哪种重要技能？,使用火，并会长时间保存火种。,"北京人, 用火",Standard
学会用火在人类进化史上的意义是什么？,是人类进化史上的里程碑，改善了生存条件。,"人类进化, 用火",Standard
周口店北京人遗址在世界考古学中的地位如何？,是迄今所知世界上内涵最丰富、材料最齐全的直立人遗址之一。,"北京人遗址, 考古意义",Standard
山顶洞人生活在距今约多少年？,约3万年前。,"山顶洞人, 年代",Standard
山顶洞人的体质特征与现代人相比如何？,模样和现代人基本相同，脑容量及头骨形态与现代人类接近。,"山顶洞人, 体质特征",Standard
在山顶洞人遗址中发现的穿孔骨针有何重要意义？,是中国发现的最早的缝纫工具，表明山顶洞人已掌握挖孔技术和磨制技术。,"山顶洞人, 考古发现",Standard
根据人类演化历程，直立人出现在距今约多少年？,距今300万年左右。,"人类演化, 直立人",Standard
早期智人出现在距今约多少年？,距今约20万年。,"人类演化, 早期智人",Standard
现代人（晚期智人）出现在距今约多少年？,距今约5万年。,"人类演化, 现代人",Standard
科学家主要通过什么来研究古人类生存时期的环境？,主要根据出土的动物和植物化石。,"考古方法, 环境研究",Standard
北京人的生活方式是怎样的？,结成群体生活在一起，共同进行获取食物的劳动，使用工具猎取动物、采集植物果实。,"北京人, 社会生活",Standard
我国最具代表性的早期人类有哪些？（至少列出三个）,元谋人、北京人、山顶洞人。,"早期人类, 代表",Standard
山顶洞人的脑容量和头骨形态与现代人类相比如何？,山顶洞人的脑容量及头骨形态与现代人类接近，已经具有现代人类的特征。,"山顶洞人, 人类进化, 旧石器时代",Standard
在中国发现的最早的缝纫工具是什么？它出土于哪个遗址？,穿孔骨针，出土于山顶洞人遗址。,"山顶洞人, 考古发现, 工具",Standard
穿孔骨针的发现表明山顶洞人已经掌握了哪两项关键技术？,挖孔技术和磨制技术。,"山顶洞人, 技术",Standard
山顶洞人遗址中出土的兽牙、石珠等物品说明了什么？,表明山顶洞人已经有了审美的观念。,"山顶洞人, 社会观念, 装饰品",Standard
山顶洞人主要使用什么类型的石器？他们是否掌握了更先进的技术？,依然使用打制石器，但已经掌握磨光和钻孔技术。,"山顶洞人, 石器, 技术",Standard
山顶洞人已经掌握了哪种重要的生存技能？,人工取火。,"山顶洞人, 生存技能",Standard
山顶洞人的生活方式是怎样的？（多选）,靠采集、狩猎为生，还会捕鱼，会缝制衣服。他们能走到很远的地方同别的原始人群交换生活用品。,"山顶洞人, 生活方式, 经济",Multiple Choice
山顶洞人的社会组织形式是什么？,过着集体生活。他们居住在一起，使用公有的工具，共同劳动，共同分配食物，没有贫富贵贱的差别。,"山顶洞人, 社会组织",Standard
碳-14年代测定法的基本原理是什么？,生物体死亡后，其体内的碳-14含量会以每5730年减少一半的速度衰减。通过测定标本现存的碳-14水平，并与原有水平比对，就可以推算其死亡年代。,"考古学, 年代测定, 碳-14",Standard
碳-14年代测定法的主要局限性是什么？,它只能对那些5万年以内的生物体进行有效测定。,"考古学, 年代测定, 碳-14",Standard
中华大地大约在何时进入新石器时代？新石器时代的主要标志是什么？,约10 000年前。主要标志是：开始定居生活，制作陶器和磨制石器，农业、畜牧业和手工业逐渐产生和发展。,"新石器时代, 中国历史, 原始社会",Standard
中国是世界上最早栽培哪三种农作物的国家？它们分别主要栽培于哪些地区？,稻、粟和黍。长江中下游栽培稻，北方地区栽培粟和黍。,"原始农业, 农作物, 中国贡献",Standard
目前世界上发现的最早的笛子出土于哪个遗址？它由什么材料制成？,河南舞阳贾湖遗址。由骨制成（骨笛）。,"贾湖遗址, 考古发现, 音乐",Standard
贾湖遗址出土的刻符龟甲有什么重要意义？,上面刻画的符号，有的与商代甲骨文具有某些相似之处，对研究文字起源有重要价值。,"贾湖遗址, 文字起源, 龟甲",Standard
原始农业最初的耕作方式是什么？后来发展出什么更先进的耕作方式？,最初的耕作方式是刀耕火种。后来发展到使用耒耜等翻土工具进行耕种。,"原始农业, 耕作技术",Standard
判断对错：山顶洞人已经出现了贫富贵贱的社会差别。,错误。山顶洞人共同劳动，共同分配食物，没有贫富贵贱的差别。,"山顶洞人, 社会组织",True/False
填空：山顶洞人懂得埋葬逝者，这表明他们可能已经有了初步的______观念。,宗教或灵魂,"山顶洞人, 社会观念",Fill-in-the-blank
列举山顶洞人相比北京人（旧石器时代早期代表）的主要进步之处。（至少三点）,1. 掌握磨光、钻孔技术（如制作骨针）。2. 懂得人工取火。3. 有了审美观念（制作装饰品）。4. 会缝制衣服。5. 能进行远距离交换。6. 有爱美意识和埋葬习俗。,"山顶洞人, 北京人, 人类进步",Standard
下列哪项不是新石器时代的特征？ A. 使用打制石器 B. 制作陶器 C. 出现原始农业 D. 开始定居生活,A. 使用打制石器（新石器时代主要使用磨制石器）。,"新石器时代, 特征",Multiple Choice
"将下列遗址与其著名的出土物或特征连线：
1. 山顶洞遗址
2. 贾湖遗址
3. 东胡林遗址
4. 玉蟾岩遗址
A. 炭化粟和黍
B. 穿孔骨针
C. 骨笛和刻符龟甲
D. 早期栽培稻遗存","1-B, 2-C, 3-A, 4-D","考古遗址, 中国历史",Standard
原始农业兴起和发展的重要标志是什么？,农作物种植、家畜饲养的出现以及聚落、磨制石器的发展。,"原始农业, 农业起源",Standard
河姆渡遗址位于哪个省份？距今约多少年？,浙江省余姚市，距今约7000年。,"河姆渡遗址, 长江流域",Standard
河姆渡人的房屋主要是什么建筑形式？,干栏式建筑，以木桩插于地下，上面用木板拼接成屋。,"河姆渡人, 建筑",Standard
陶器的发明对原始人类生活有何重要意义？,可以煮熟食物，储存饮用水，有利于定居和农业生产。,"陶器, 生活工具",Standard
河姆渡遗址出土的最典型农业工具是什么？,骨耜。,"河姆渡遗址, 农业工具",Fill-in-the-blank
原始农业的发展经历了从刀耕火种到使用什么工具进行耕种？,耒耜等翻土工具。,"原始农业, 生产工具",Standard
河姆渡遗址中发现了大量什么农作物的遗迹？,人工栽培水稻。,"河姆渡遗址, 农作物",Standard
河姆渡人饲养的家畜主要有哪些？,猪、狗和水牛。,"河姆渡人, 家畜饲养",Standard
目前世界上发现最早的陶器之一出土于哪个遗址？,仙人洞遗址。,"陶器, 考古发现",Standard
河姆渡遗址中发现了迄今发现年代最早的什么类型水井？,木结构水井。,"河姆渡遗址, 水井",Standard
原始农业为古代文明社会的形成奠定了什么基础？,重要的物质基础。,"原始农业, 文明社会",Fill-in-the-blank
河姆渡人会制作哪些手工艺品？,陶器、玉器、简单的乐器骨哨，以及用象牙和兽骨制成的艺术品。,"河姆渡人, 手工艺",Standard
长江流域在七八千年前的气候特点是什么？,气候温暖湿润，雨水充沛。,"长江流域, 气候",Standard
稻作和粟作农业分别在我国哪两个地区逐渐推广？,稻作在南方，粟作在北方。,"原始农业, 作物分布",Standard
河姆渡遗址的发现表明长江中下游是什么的起源地之一？,亚洲稻的起源地之一。,"河姆渡遗址, 农业起源",Standard
最早的陶器是如何被远古先民发明的？,受泥土经火烧后变坚硬的启发，将泥捏容器烧烤而成。,"陶器, 发明",Standard
河姆渡人的干栏式建筑对中国古典建筑产生了什么影响？,产生了重要影响，是中国最早的木构建筑。,"干栏式建筑, 建筑史",Standard
出土距今10000多年陶器的地区包括哪些？,广西、湖南、江西等地。,"陶器, 考古发现",Standard
河姆渡遗址中稻谷堆积的最厚处达多少米？,1米。,"河姆渡遗址, 稻作农业",Fill-in-the-blank
原始农业的发展使农业在人们生活中所占比重发生什么变化？,逐渐增加。,"原始农业, 社会生活",Fill-in-the-blank
